{"objects_count": 900.6, "areas_mean": 4427.477662939046, "areas_var": 5276041682.619905, "colors_mean": [162.42055736967802, 164.28630014010872, 167.795433405443], "colors_var": [1087.937987444723, 1013.352545975203, 997.0717496098321]}{"objects_count": 860.2, "areas_mean": 11225.230565701875, "areas_var": 116781147895.57242, "colors_mean": [162.9848640880378, 164.8356035863818, 168.34094362534307], "colors_var": [1089.8370661360289, 1020.3528776824041, 998.007260350978]}{"objects_count": 832.6, "areas_mean": 11682.283523855487, "areas_var": 117301813320.39206, "colors_mean": [163.47650317975337, 165.28372624488674, 168.79960292818245], "colors_var": [1078.437067480948, 1013.248689317764, 985.6533632628419]}{"objects_count": 809.2, "areas_mean": 11085.078259596085, "areas_var": 116345637410.08496, "colors_mean": [163.26255734441713, 165.0984208838268, 168.49890327956396], "colors_var": [1082.2986878545112, 1019.3948711512164, 983.4948021856504]}{"objects_count": 780.0, "areas_mean": 12118.423981547036, "areas_var": 118157359518.83594, "colors_mean": [162.87727633465587, 164.65801013674948, 167.9764767680412], "colors_var": [1099.9027673292335, 1037.3178438561858, 991.5395206003271]}{"objects_count": 792.8, "areas_mean": 12604.637830402682, "areas_var": 118974573253.49178, "colors_mean": [162.24925615056273, 164.03768297807727, 167.172961906823], "colors_var": [1113.8734653656393, 1049.4107133538944, 997.9778480882394]}{"objects_count": 785.6, "areas_mean": 5734.374681991112, "areas_var": 6015951632.678274, "colors_mean": [161.38885371996884, 163.11711292236328, 166.11832521532793], "colors_var": [1127.4884136699523, 1060.054852192349, 1003.5954698265556]}{"objects_count": 773.4, "areas_mean": 5470.1075703028, "areas_var": 5656358663.5438595, "colors_mean": [160.5545016074763, 162.29952891811385, 165.1416860134637], "colors_var": [1143.2867811455847, 1070.730542220312, 1007.8164452234936]}{"objects_count": 753.8, "areas_mean": 8340.10789672369, "areas_var": 17103404862.688251, "colors_mean": [160.22903332441928, 161.92294195832432, 164.73058257696889], "colors_var": [1150.4128789884471, 1071.4309232448, 1006.6524106301333]}{"objects_count": 775.8, "areas_mean": 7764.712351674601, "areas_var": 16445928359.769772, "colors_mean": [159.95076777969632, 161.74384323932833, 164.4549859641129], "colors_var": [1134.7285421832762, 1050.713488399841, 986.0617214019161]}{"objects_count": 788.8, "areas_mean": 7249.70551863047, "areas_var": 15603214171.856379, "colors_mean": [159.8795071760618, 161.7533030229232, 164.43999314207772], "colors_var": [1112.5155749549472, 1024.4015848733072, 957.9955589711823]}{"objects_count": 807.4, "areas_mean": 6715.4611775374215, "areas_var": 14734606559.510502, "colors_mean": [160.1243568815304, 162.15327193149844, 164.78749744145753], "colors_var": [1090.4755495599256, 998.4579985129673, 929.9108222711017]}{"objects_count": 833.2, "areas_mean": 6801.815218647086, "areas_var": 14894531635.871176, "colors_mean": [160.47000076544677, 162.56270245338095, 165.19562700644238], "colors_var": [1066.0890457744197, 972.024583646843, 903.2558146657341]}{"objects_count": 867.6, "areas_mean": 3760.164881887072, "areas_var": 3222649233.229447, "colors_mean": [160.63066787476401, 162.82341167293743, 165.41030838021243], "colors_var": [1042.1289645876516, 947.3049832165286, 878.296711139167]}{"objects_count": 870.0, "areas_mean": 3274.366973704918, "areas_var": 2058366249.4035854, "colors_mean": [160.8718564323322, 163.09580511089845, 165.69475324995165], "colors_var": [1027.9003985097977, 931.3107392642318, 862.0620068468667]}{"objects_count": 875.6, "areas_mean": 3384.2657276712844, "areas_var": 2251876748.0845404, "colors_mean": [160.7583735514697, 163.0472883931522, 165.62605816730425], "colors_var": [1021.5928069894182, 922.9907542959885, 853.7242792325208]}{"objects_count": 881.0, "areas_mean": 3094.9285848229606, "areas_var": 1565951887.7493138, "colors_mean": [160.43749179042757, 162.74309358262133, 165.3460338645478], "colors_var": [1015.8512562960939, 915.6139004686095, 847.7909018913897]}{"objects_count": 880.8, "areas_mean": 2668.9732518417377, "areas_var": 1105425022.4586928, "colors_mean": [159.571296200666, 161.9892693700083, 164.57541424998962], "colors_var": [1021.0653211708384, 918.3836938027947, 851.5652779106509]}{"objects_count": 881.8, "areas_mean": 2722.2269377391735, "areas_var": 1118863437.61148, "colors_mean": [158.89042950130528, 161.3718061609981, 163.97730436979035], "colors_var": [1034.5909132153956, 930.1383372758494, 864.0532005062876]}{"objects_count": 879.8, "areas_mean": 2714.9574419720293, "areas_var": 1060474477.2124659, "colors_mean": [158.11152972312672, 160.67503233216843, 163.27690419015806], "colors_var": [1056.08890503478, 951.9850962420276, 886.0034450078423]}{"objects_count": 852.6, "areas_mean": 2494.8894177666043, "areas_var": 868646697.8330383, "colors_mean": [157.7130848200816, 160.2652078566902, 162.9042415295855], "colors_var": [1072.81939763334, 970.536739539389, 904.6864113445581]}{"objects_count": 825.8, "areas_mean": 2518.639548903, "areas_var": 672212447.0345361, "colors_mean": [157.13006957892043, 159.7657970079793, 162.38507886652616], "colors_var": [1094.9277680909938, 994.3926799608328, 927.5804825275302]}{"objects_count": 803.8, "areas_mean": 2684.140076832619, "areas_var": 757035081.6961565, "colors_mean": [157.09658831808466, 159.7482467477218, 162.39688298196785], "colors_var": [1100.6402596709313, 1003.1180507923251, 936.0442924945964]}{"objects_count": 772.4, "areas_mean": 2737.8644014663187, "areas_var": 799577463.4932439, "colors_mean": [157.18895063745677, 159.92128445604948, 162.56605569248086], "colors_var": [1092.3291832990556, 997.8137739093812, 929.4953387398755]}{"objects_count": 744.6, "areas_mean": 3230.720041494608, "areas_var": 1930827342.8701177, "colors_mean": [157.5569411910645, 160.30314628921334, 162.9893420805697], "colors_var": [1066.6171833742735, 975.3043743390621, 906.3114049656767]}{"objects_count": 747.4, "areas_mean": 3487.8545283119324, "areas_var": 2113784530.4795785, "colors_mean": [157.4386230751973, 160.31649495027972, 162.96784947021737], "colors_var": [1058.4752904665056, 967.7762541021341, 897.9408733687463]}{"objects_count": 755.6, "areas_mean": 4001.275197580186, "areas_var": 3605856742.9956756, "colors_mean": [157.6212398944433, 160.5424685874779, 163.21717896630088], "colors_var": [1047.0102508070906, 955.8062203546708, 884.0565524223961]}